year,state,minimumage,MDH,uer,CigC,taxstr,MA,Edu
2018,Alaska,19,68734,6.5999999,31.1,2,No,30.200001
2017,Alaska,19,79888,7,32.900002,2,No,28.799999
2016,Alaska,19,79237,6.9000001,35.599998,2,No,29.6
2015,Alaska,19,79611,6.5,35.799999,2,No,29.700001
2014,Alaska,19,71804,6.9000001,37.200001,2,No,28
2013,Alaska,19,78249,7,39,2,No,28
2012,Alaska,19,69739,7.0999999,41.200001,2,No,28
2011,Alaska,No Provision,64260,7.5999999,43.299999,2,No,26.4
2010,Alaska,No Provision,66767,7.9000001,43.799999,2,No,27.9
2009,Alaska,No Provision,72275,7.6999998,45.799999,2,No,26.6
2008,Alaska,No Provision,74812,6.6999998,47,2,No,27.299999
2007,Alaska,No Provision,76477,6.3000002,52.900002,2,.,26
2018,Alabama,19,49936,3.9000001,54.700001,.675,No,25.5
2017,Alabama,19,52105,4.4000001,58.099998,.675,No,25.5
2016,Alabama,19,49412,5.8000002,60.099998,.675,No,24.700001
2015,Alabama,19,47175,6.0999999,60.700001,.675,No,24.200001
2014,Alabama,19,44888,6.8000002,61.700001,.425,No,23.5
2013,Alabama,19,51092,7.1999998,64.599998,.425,No,23.5
2012,Alabama,No Provision,47624,8,67.199997,.425,No,23.299999
2011,Alabama,No Provision,47654,9.6000004,68.400002,.425,No,22.299999
2010,Alabama,No Provision,47244,10.5,71.5,.425,No,21.9
2009,Alabama,No Provision,46905,11,75.599998,.425,No,22
2008,Alabama,No Provision,51999,5.6999998,78,.425,No,22
2007,Alabama,No Provision,51248,4,80.199997,.425,.,21.4
2018,Arkansas,18,49781,3.7,50.200001,1.15,No,23.299999
2017,Arkansas,18,50964,3.7,52.400002,1.15,No,23.4
2016,Arkansas,18,48037,4,54.200001,1.15,No,22.4
2015,Arkansas,18,45362,5,54,1.15,No,21.799999
2014,Arkansas,18,47695,6,54.400002,1.15,No,21.4
2013,Arkansas,18,42515,7.1999998,57.5,1.15,No,20.6
2012,Arkansas,No Provision,42752,7.5999999,60.5,1.15,No,21
2011,Arkansas,No Provision,46213,8.3000002,61.099998,1.15,No,20.299999
2010,Arkansas,No Provision,44536,8.1999998,63.200001,1.15,No,19.5
2009,Arkansas,No Provision,42867,7.8000002,72.599998,1.15,No,18.9
2008,Arkansas,No Provision,46282,5.5,77,.59,No,18.799999
2007,Arkansas,No Provision,49527,5.3000002,78.400002,.59,.,19.299999
2018,Arizona,18,62283,4.8000002,21.799999,2,No,29.700001
2017,Arizona,18,61155,4.9000001,22.5,2,No,29.4
2016,Arizona,18,59750,5.4000001,23.1,2,No,28.9
2015,Arizona,18,55378,6.0999999,23,2,No,27.700001
2014,Arizona,18,52294,6.8000002,23,2,No,27.6
2013,Arizona,18,56805,7.6999998,24.4,2,No,27.4
2012,Arizona,No Provision,51546,8.3000002,25,2,No,27.299999
2011,Arizona,No Provision,54403,9.5,27.1,2,No,26.6
2010,Arizona,No Provision,54127,10.4,24.799999,2,No,25.9
2009,Arizona,No Provision,53662,9.8999996,28.6,2,No,25.6
2008,Arizona,No Provision,54849,6.1999998,31.799999,2,No,25.1
2007,Arizona,No Provision,57321,3.9000001,37.5,2,.,25.299999
2018,California,21,70489,4.1999998,16.6,2.87,Yes,34.200001
2017,California,21,71745,4.8000002,20.5,2.87,Yes,33.599998
2016,California,21,69729,5.5,22,.87,No,32.900002
2015,California,18,67448,6.1999998,22.299999,.87,No,32.299999
2014,California,18,64221,7.5,22.700001,.87,No,31.700001
2013,California,18,65640,8.8999996,23.9,.87,No,31
2012,California,18,62477,10.4,25.200001,.87,No,30.9
2011,California,18,59713,11.7,26,.87,No,30.299999
2010,California,18,62652,12.2,26.299999,.87,No,30.1
2009,California,No Provision,65858,11.2,28.799999,.87,No,29.9
2008,California,No Provision,66658,7.3000002,30.299999,.87,No,29.6
2007,California,No Provision,67664,5.4000001,31.799999,.87,.,29.5
2018,Colorado,18,73034,3.3,32.099998,.84,Yes,41.700001
2017,Colorado,18,76812,2.7,34.5,.84,No,41.200001
2016,Colorado,18,73841,3.2,35.799999,.84,Yes,39.900002
2015,Colorado,18,70585,3.9000001,36.299999,.84,No,39.200001
2014,Colorado,18,64702,5,36.700001,.84,No,38.299999
2013,Colorado,18,73325,6.9000001,38.299999,.84,No,37.799999
2012,Colorado,18,62735,7.9000001,40.599998,.84,No,37.5
2011,Colorado,18,65601,8.3999996,40.599998,.84,No,36.700001
2010,Colorado,No Provision,69520,8.6999998,41.400002,.84,No,36.400002
2009,Colorado,No Provision,65618,7.3000002,46,.84,No,35.900002
2008,Colorado,No Provision,71251,4.8000002,48.400002,.84,No,35.599998
2007,Colorado,No Provision,74228,3.7,51.099998,.84,,35
2018,Connecticut,18,72812,4.0999999,23.799999,4.35,Yes,39.599998
2017,Connecticut,18,76115,4.6999998,26.5,4.35,Yes,38.700001
2016,Connecticut,18,79446,5.0999999,28.299999,3.9,Yes,38.599998
2015,Connecticut,18,77255,5.6999998,28.6,3.65,Yes,38.299999
2014,Connecticut,18,74492,6.5999999,30.1,3.4,Yes,38
2013,Connecticut,No Provision,74814,7.8000002,31.4,3.4,No,37.200001
2012,Connecticut,No Provision,70396,8.3000002,33.5,3.4,No,37.099998
2011,Connecticut,No Provision,73194,8.8000002,36.299999,3.4,No,36.200001
2010,Connecticut,No Provision,76174,9.1000004,40.799999,3,No,35.5
2009,Connecticut,No Provision,76085,7.9000001,45.900002,3,No,35.599998
2008,Connecticut,No Provision,75623,5.6999998,47.400002,2,No,35.599998
2007,Connecticut,No Provision,77870,4.5,50.5,2,,34.700001
2018,District of Columbia,21,85750,5.5999999,12.9,4.94,No,60.400002
2017,District of Columbia,21,83263,6.0999999,13.2,2.92,No,57.299999
2016,District of Columbia,21,74276,6.0999999,14.8,2.92,No,56.799999
2015,District of Columbia,No Provision,74268,6.9000001,15.8,2.91,No,56.700001
2014,District of Columbia,No Provision,72492,7.8000002,16.200001,2.9,.,55
2013,District of Columbia,No Provision,64844,8.5,18.6,2.5,No,55.099998
2012,District of Columbia,No Provision,71490,9,20,2.5,No,53
2011,District of Columbia,No Provision,61821,10.2,24.200001,2.5,No,52.5
2010,District of Columbia,No Provision,65705,9.3999996,23.1,2.5,No,50.099998
2009,District of Columbia,No Provision,62346,9.3000002,33.400002,2.5,No,48.5
2008,District of Columbia,No Provision,64993,6.5,38.099998,2,No,48.200001
2007,District of Columbia,No Provision,61653,5.5,38.099998,1,.,47.5
2018,Delaware,18,65012,3.8,64.199997,2.1,No,31.299999
2017,Delaware,18,66545,4.5,72.599998,2.1,No,31.5
2016,Delaware,18,60740,4.5,68.099998,1.6,No,31
2015,Delaware,18,61216,4.9000001,70.099998,1.6,No,30.9
2014,Delaware,18,61073,5.6999998,71.199997,1.6,No,30.6
2013,Delaware,No Provision,58402,6.6999998,77.099998,1.6,No,29.799999
2012,Delaware,No Provision,53659,7.1999998,84.900002,1.6,No,29.5
2011,Delaware,No Provision,61160,7.5,87.599998,1.6,No,28.799999
2010,Delaware,No Provision,63727,8.3999996,95,1.6,No,27.799999
2009,Delaware,No Provision,61141,8.3000002,122.8,1.6,No,28.700001
2008,Delaware,No Provision,59278,4.9000001,133.3,1.15,No,27.5
2007,Delaware,No Provision,66274,3.4000001,185.2,1.15,.,26.1
2018,Florida,18,54644,3.5999999,38.400002,1.339,No,30.4
2017,Florida,18,54380,4.1999998,40.599998,1.339,No,29.700001
2016,Florida,18,53551,4.8000002,41.5,1.339,No,28.6
2015,Florida,18,51750,5.5,41.900002,1.339,No,28.4
2014,Florida,18,48988,6.3000002,42.400002,1.339,No,27.299999
2013,Florida,No Provision,52400,7.1999998,44.299999,1.339,No,27.200001
2012,Florida,No Provision,50480,8.5,45.900002,1.339,No,26.799999
2011,Florida,No Provision,50468,10,49.700001,1.339,No,25.799999
2010,Florida,No Provision,50860,11.1,50,1.339,No,25.799999
2009,Florida,No Provision,53535,10.4,70.599998,1.339,No,25.299999
2008,Florida,No Provision,52444,6.3000002,67.900002,.339,No,25.799999
2007,Florida,No Provision,55596,4,69.900002,.339,.,25.799999
2018,Georgia,18,55821,3.9000001,45.700001,.37,No,31.9
2017,Georgia,18,59398,4.6999998,45.599998,.37,No,30.9
2016,Georgia,18,56011,5.4000001,47.299999,.37,No,30.5
2015,Georgia,18,53809,6,47.299999,.37,No,29.9
2014,Georgia,18,52614,7.0999999,49,.37,No,29.1
2013,Georgia,No Provision,50738,8.1999998,49.900002,.37,No,28.299999
2012,Georgia,No Provision,52726,9.1999998,53.099998,.37,No,28.200001
2011,Georgia,No Provision,51440,10.2,54.299999,.37,No,27.6
2010,Georgia,No Provision,50919,10.5,55.299999,.37,No,27.299999
2009,Georgia,No Provision,50848,9.8999996,58.799999,.37,No,27.5
2008,Georgia,No Provision,54046,6.1999998,61.599998,.37,No,27.5
2007,Georgia,No Provision,59053,4.5,64.699997,.37,.,27.1
2018,Hawaii,21,80108,2.4000001,24.200001,3.2,No,33.5
2017,Hawaii,21,75393,2.4000001,25.1,3.2,No,32.900002
2016,Hawaii,21,75480,3,25.4,3.2,No,31.9
2015,Hawaii,18,68379,3.5999999,26.799999,3.2,No,31.4
2014,Hawaii,18,75619,4.4000001,25.4,3.2,No,31
2013,Hawaii,18,69355,4.9000001,27,3.2,No,31.200001
2012,Hawaii,No Provision,61648,6,29.799999,3.2,No,30.1
2011,Hawaii,No Provision,66068,6.8000002,32.900002,3.2,No,29.1
2010,Hawaii,No Provision,68719,6.9000001,36.200001,3,No,29.5
2009,Hawaii,No Provision,65289,7.1999998,41.099998,2.6,No,29.6
2008,Hawaii,No Provision,71927,4.3000002,44,2,No,29.1
2007,Hawaii,No Provision,77726,2.8,43.700001,1.8,.,29.200001
2018,Iowa,18,68718,2.5,43,1.36,No,29
2017,Iowa,18,65014,3.0999999,45,1.36,No,28.9
2016,Iowa,18,61836,3.5999999,47.700001,1.36,No,28.4
2015,Iowa,18,64500,3.8,46.5,1.36,No,26.799999
2014,Iowa,18,61379,4.1999998,47.099998,1.36,No,27.700001
2013,Iowa,No Provision,64951,4.6999998,48.5,1.36,No,26.4
2012,Iowa,No Provision,58557,5,48.599998,1.36,No,26.299999
2011,Iowa,No Provision,56191,5.5,49.099998,1.36,No,25.799999
2010,Iowa,No Provision,56573,6,51.299999,1.36,No,24.9
2009,Iowa,No Provision,59507,6.4000001,53.799999,1.36,No,25.1
2008,Iowa,No Provision,58623,4.1999998,57.599998,1.36,No,24.299999
2007,Iowa,No Provision,59377,3.7,76.300003,1.36,.,24.299999
2018,Idaho,18,58728,2.8,37.700001,.57,No,27.700001
2017,Idaho,18,60947,3.2,39,.57,No,26.799999
2016,Idaho,18,59189,3.8,40.700001,.57,No,27.6
2015,Idaho,18,54716,4.1999998,40.799999,.57,No,26
2014,Idaho,18,56737,4.8000002,40.799999,.57,No,25
2013,Idaho,18,52330,6.0999999,43.099998,.57,No,26.200001
2012,Idaho,18,52508,7.1999998,43.5,.57,No,25.5
2011,Idaho,No Provision,53102,8.3000002,45.5,.57,No,25.200001
2010,Idaho,No Provision,54304,9,46.400002,.57,No,24.4
2009,Idaho,No Provision,54881,8.8000002,52.400002,.57,No,23.9
2008,Idaho,No Provision,55441,5.0999999,55.900002,.57,No,24
2007,Idaho,No Provision,59712,3.0999999,58.599998,.57,.,24.5
2018,Illinois,18,70145,4.3000002,28.299999,1.98,No,35.099998
2017,Illinois,18,67577,4.9000001,30.700001,1.98,No,34.400002
2016,Illinois,18,64235,5.8000002,31.5,1.98,No,34
2015,Illinois,18,64032,6,33.400002,1.98,No,32.900002
2014,Illinois,18,58306,7.0999999,33.599998,1.98,No,32.799999
2013,Illinois,No Provision,58236,9,31.700001,1.98,No,32.099998
2012,Illinois,No Provision,56690,9,46.5,1.98,No,31.6
2011,Illinois,No Provision,56658,9.6999998,45.299999,.98,No,31
2010,Illinois,No Provision,58549,10.4,44.099998,.98,No,30.799999
2009,Illinois,No Provision,62028,10.2,45.200001,.98,No,30.6
2008,Illinois,No Provision,62262,6.3000002,47.900002,.98,No,29.9
2007,Illinois,No Provision,63745,5,48.599998,.98,.,29.5
2018,Indiana,18,59892,3.4000001,58.299999,.995,Yes,27.1
2017,Indiana,18,60200,3.5999999,61.200001,.995,Yes,26.799999
2016,Indiana,18,58697,4.4000001,62.400002,.995,Yes,25.6
2015,Indiana,18,55097,4.8000002,62.700001,.995,Yes,24.9
2014,Indiana,18,51027,6,63.599998,.995,Yes,24.700001
2013,Indiana,18,53397,7.6999998,66.900002,.995,Yes,23.799999
2012,Indiana,No Provision,50575,8.3000002,66,.995,Yes,23.4
2011,Indiana,No Provision,49730,9.1000004,69.599998,.995,Yes,23
2010,Indiana,No Provision,53253,10.4,71.699997,.995,Yes,22.700001
2009,Indiana,No Provision,51980,10.3,78.900002,.995,Yes,22.5
2008,Indiana,No Provision,54389,5.9000001,81.699997,.995,Yes,22.9
2007,Indiana,No Provision,57610,4.5999999,102.3,.995,.,22.1
2018,Kansas,18,63938,3.4000001,33.299999,1.29,Yes,33.799999
2017,Kansas,18,58287,3.7,34.5,1.29,No,33.700001
2016,Kansas,18,59446,4,36.400002,1.29,No,32.799999
2015,Kansas,18,58152,4.1999998,39.299999,1.29,No,31.700001
2014,Kansas,18,56743,4.5,39.5,.79,No,31.5
2013,Kansas,18,51632,5.3000002,41,.79,.,31.1
2012,Kansas,18,54788,5.6999998,43,.79,No,30.4
2011,Kansas,No Provision,51634,6.5,41.200001,.79,No,30.1
2010,Kansas,No Provision,53155,7.0999999,45.200001,.79,No,29.799999
2009,Kansas,No Provision,52463,6.9000001,49.099998,.79,No,29.5
2008,Kansas,No Provision,55975,4.5999999,51.700001,.79,No,29.6
2007,Kansas,No Provision,58878,4.1999998,53.099998,.79,.,28.799999
2018,Kentucky,18,54555,4.3000002,81.599998,1.1,Yes,24.799999
2017,Kentucky,18,50883,4.9000001,85.599998,.6,Yes,24
2016,Kentucky,18,47474,5.0999999,87,.6,Yes,23.4
2015,Kentucky,18,44926,5.3000002,84.5,.6,No,23.299999
2014,Kentucky,18,45427,6.5,89,.6,No,22.200001
2013,Kentucky,No Provision,48456,8,93.5,.6,No,22.6
2012,Kentucky,No Provision,45018,8.1999998,100.1,.6,No,21.799999
2011,Kentucky,No Provision,44595,9.3999996,103.7,.6,No,21.1
2010,Kentucky,No Provision,47442,10.2,110.7,.6,No,20.5
2009,Kentucky,No Provision,50054,10.3,126.4,.6,No,21
2008,Kentucky,No Provision,48108,6.4000001,141.89999,.3,No,19.700001
2007,Kentucky,No Provision,47897,5.4000001,141.89999,.3,.,20
2018,Louisiana,18,49973,4.9000001,53.599998,1.08,No,24.299999
2017,Louisiana,18,44627,5.0999999,57.599998,1.08,No,23.799999
2016,Louisiana,18,44154,6.0999999,55.900002,1.08,No,23.4
2015,Louisiana,18,48673,6.3000002,73.800003,.86,No,23.200001
2014,Louisiana,18,45024,6.4000001,65.099998,.36,No,22.9
2013,Louisiana,No Provision,50125,6.6999998,73.300003,.36,No,22.5
2012,Louisiana,No Provision,42826,7.0999999,72,.36,No,22
2011,Louisiana,No Provision,45493,7.8000002,78.800003,.36,No,21.1
2010,Louisiana,No Provision,45359,8,74.300003,.36,No,21.4
2009,Louisiana,No Provision,53303,6.8000002,82.599998,.36,No,21.4
2008,Louisiana,No Provision,46255,4.9000001,87.900002,.36,No,20.299999
2007,Louisiana,No Provision,50156,4.3000002,86.699997,.36,.,20.4
2018,Massachusetts,18,86345,3.3,23,3.51,Yes,44.5
2017,Massachusetts,No Provision,78102,3.8,24.299999,3.51,Yes,43.400002
2016,Massachusetts,No Provision,75620,3.9000001,25.6,3.51,Yes,42.700001
2015,Massachusetts,No Provision,71926,4.8000002,25.9,3.51,Yes,41.5
2014,Massachusetts,No Provision,67049,5.6999998,27.1,3.51,Yes,41.200001
2013,Massachusetts,No Provision,67513,6.6999998,32.200001,3.51,Yes,40.299999
2012,Massachusetts,No Provision,69748,6.6999998,33.5,2.51,Yes,39.299999
2011,Massachusetts,No Provision,70842,7.3000002,34.200001,2.51,Yes,39.099998
2010,Massachusetts,No Provision,70329,8.3000002,33.700001,2.51,Yes,39
2009,Massachusetts,No Provision,69658,8.1000004,34.599998,2.51,Yes,38.200001
2008,Massachusetts,No Provision,70523,5.5,43.099998,2.51,Yes,38.099998
2007,Massachusetts,No Provision,70977,4.5999999,43,1.51,.,37.900002
2018,Maryland,18,86223,3.9000001,27.6,2,No,40.799999
2017,Maryland,18,84094,4.3000002,29.200001,2,No,39.700001
2016,Maryland,18,77183,4.5,30.4,2,No,39.299999
2015,Maryland,18,78002,5.0999999,30.4,2,No,38.799999
2014,Maryland,18,80867,5.8000002,31.6,2,No,38.200001
2013,Maryland,18,74881,6.5999999,32.599998,2,No,37.400002
2012,Maryland,18,78711,7,34.400002,2,No,36.900002
2011,Maryland,No Provision,77066,7.1999998,34.599998,2,No,36.900002
2010,Maryland,No Provision,74100,7.6999998,35,2,No,36.099998
2009,Maryland,No Provision,75305,7,35.400002,2,No,35.700001
2008,Maryland,No Provision,74487,4.1999998,43.299999,2,No,35.200001
2007,Maryland,No Provision,79678,3.5,48.299999,1,.,35.200001
2018,Maine,18,58663,3.4000001,45.400002,2,Yes,31.5
2017,Maine,18,54616,3.4000001,49.599998,2,Yes,32.099998
2016,Maine,No Provision,53216,3.8,48.900002,2,Yes,30.1
2015,Maine,No Provision,53796,4.4000001,46.900002,2,Yes,30.1
2014,Maine,No Provision,54902,5.5999999,47.400002,2,Yes,29.4
2013,Maine,No Provision,59338,6.5999999,48.5,2,Yes,28.200001
2012,Maine,No Provision,53863,7.5,48.900002,2,No,28
2011,Maine,No Provision,55602,7.9000001,51.099998,2,No,28.4
2010,Maine,No Provision,55321,8.1000004,53,2,No,26.799999
2009,Maine,No Provision,55730,8.1000004,52.299999,2,No,26.9
2008,Maine,No Provision,55216,5.5,55.200001,2,No,25.4
2007,Maine,No Provision,58146,4.6999998,58.5,2,.,26.700001
2018,Michigan,No Provision,60449,4.0999999,42.5,2,No,29.6
2017,Michigan,No Provision,57780,4.5999999,44.400002,2,No,29.1
2016,Michigan,No Provision,59740,5,44.900002,2,No,28.299999
2015,Michigan,No Provision,57450,5.4000001,44.5,2,No,27.799999
2014,Michigan,No Provision,55215,7.1999998,44.5,2,No,27.4
2013,Michigan,No Provision,61076,8.8000002,45.400002,2,No,26.9
2012,Michigan,No Provision,54802,9.1000004,46.700001,2,No,26
2011,Michigan,No Provision,54691,10.4,46.400002,2,No,25.6
2010,Michigan,No Provision,53411,12.6,48.799999,2,No,25.200001
2009,Michigan,No Provision,53961,13.7,50.599998,2,No,24.6
2008,Michigan,No Provision,58209,8,52.400002,2,No,24.700001
2007,Michigan,No Provision,59938,7,55,2,.,24.700001
2018,Minnesota,18,71817,2.9000001,26.200001,3.04,Yes,36.700001
2017,Minnesota,18,71681,3.4000001,28.299999,3.04,Yes,36.099998
2016,Minnesota,18,73477,3.9000001,29.799999,3,Yes,34.799999
2015,Minnesota,18,72847,3.7,30.200001,2.9,Yes,34.700001
2014,Minnesota,18,71395,4.1999998,31.4,2.83,Yes,34.299999
2013,Minnesota,18,69451,5,43.099998,2.83,Yes,33.5
2012,Minnesota,18,67709,5.5999999,37.900002,1.23,Yes,33.200001
2011,Minnesota,18,64695,6.5,51.5,1.23,Yes,32.400002
2010,Minnesota,18,60388,7.4000001,46.5,1.23,Yes,31.799999
2009,Minnesota,No Provision,65806,7.8000002,48.700001,1.23,Yes,31.5
2008,Minnesota,No Provision,64215,5.4000001,50.900002,1.23,Yes,31.5
2007,Minnesota,No Provision,70485,4.5999999,53,1.23,.,31
2018,Missouri,18,61726,3.2,75.300003,.17,Yes,29.5
2017,Missouri,18,57908,3.8,79.5,.17,Yes,29.1
2016,Missouri,18,57569,4.5999999,83.400002,.17,Yes,28.5
2015,Missouri,18,62742,5,81.800003,.17,Yes,27.799999
2014,Missouri,18,60126,6.0999999,82.599998,.17,No,27.5
2013,Missouri,No Provision,49994,6.6999998,87.400002,.17,No,27
2012,Missouri,No Provision,54527,6.9000001,89.400002,.17,No,26.4
2011,Missouri,No Provision,51217,8.5,91.099998,.17,No,26.1
2010,Missouri,No Provision,52881,9.6000004,92.300003,.17,No,25.6
2009,Missouri,No Provision,57217,9.3000002,97.199997,.17,No,25.200001
2008,Missouri,No Provision,53825,6.0999999,100.1,.17,No,25
2007,Missouri,No Provision,55852,5.0999999,100.6,.17,.,24.5
2018,Mississippi,18,42781,4.8000002,56.299999,.68,No,23.200001
2017,Mississippi,18,44336,5.0999999,59.400002,.68,No,21.9
2016,Mississippi,18,43006,5.8000002,59.200001,.68,No,21.799999
2015,Mississippi,18,42435,6.4000001,62.599998,.68,No,20.799999
2014,Mississippi,18,37714,7.5,61.200001,.68,No,21.1
2013,Mississippi,18,34916,8.5,63.900002,.68,No,20.4
2012,Mississippi,No Provision,40148,9,66.5,.68,No,20.700001
2011,Mississippi,No Provision,45976,10,67.900002,.68,No,19.799999
2010,Mississippi,No Provision,44044,10.4,70.300003,.68,No,19.5
2009,Mississippi,No Provision,41154,9.5,89.5,.68,No,19.6
2008,Mississippi,No Provision,42611,6.5999999,93.599998,.18,No,19.4
2007,Mississippi,No Provision,45259,6.0999999,88.800003,.18,.,18.9
2018,Montana,18,57679,3.7,37.200001,1.7,No,31.700001
2017,Montana,18,58806,3.9000001,41.099998,1.7,No,32.299999
2016,Montana,18,59724,4.0999999,42.200001,1.7,No,31
2015,Montana,No Provision,54474,4.1999998,42.200001,1.7,No,30.6
2014,Montana,No Provision,54256,4.6999998,43,1.7,No,29.299999
2013,Montana,No Provision,46644,5.4000001,44.299999,1.7,No,29
2012,Montana,No Provision,49403,6,45.5,1.7,No,29.4
2011,Montana,No Provision,45066,6.9000001,45.5,1.7,No,28.200001
2010,Montana,No Provision,47645,7.3000002,47.299999,1.7,No,28.799999
2009,Montana,No Provision,47442,6.8000002,49.799999,1.7,No,27.4
2008,Montana,No Provision,50156,5.0999999,52.599998,1.7,No,27.1
2007,Montana,No Provision,52999,3.5999999,52.599998,1.7,.,27
2018,North Carolina,18,53369,3.9000001,53.200001,.45,No,31.9
2017,North Carolina,18,50755,4.5,54.5,.45,No,31.299999
2016,North Carolina,18,56259,5.0999999,54.400002,.45,No,30.4
2015,North Carolina,18,53840,5.6999998,54.099998,.45,No,29.4
2014,North Carolina,18,49672,6.3000002,56.700001,.45,No,28.700001
2013,North Carolina,18,50030,8,57.5,.45,No,28.4
2012,North Carolina,No Provision,45530,9.3000002,60.700001,.45,No,27.4
2011,North Carolina,No Provision,50581,10.3,60.900002,.45,No,26.9
2010,North Carolina,No Provision,50588,10.9,61.5,.45,No,26.5
2009,North Carolina,No Provision,49165,10.6,69.599998,.45,No,26.5
2008,North Carolina,No Provision,50191,6.0999999,73.699997,.35,No,26.1
2007,North Carolina,No Provision,52827,4.6999998,78.300003,.35,.,25.6
2018,North Dakota,18,66505,2.5999999,62.799999,.44,No,29.700001
2017,North Dakota,18,61634,2.7,65.199997,.44,No,30.700001
2016,North Dakota,18,62977,3.0999999,70.199997,.44,Yes,29.6
2015,North Dakota,18,60854,2.8,75.800003,.44,Yes,29.1
2014,North Dakota,No Provision,64479,2.7,75.800003,.44,Yes,27.4
2013,North Dakota,No Provision,63867,2.9000001,72.5,.44,No,27.1
2012,North Dakota,No Provision,61103,3.0999999,74.5,.44,No,27.9
2011,North Dakota,No Provision,63063,3.5,69,.44,No,26.299999
2010,North Dakota,No Provision,58870,3.8,69.300003,.44,No,27.6
2009,North Dakota,No Provision,58749,4.0999999,72.900002,.44,No,25.799999
2008,North Dakota,No Provision,58026,3.2,74,.44,No,26.9
2007,North Dakota,No Provision,57309,3.0999999,75.900002,.44,.,25.700001
2018,Nebraska,18,67575,2.8,43.400002,.64,No,32.400002
2017,Nebraska,18,61035,2.9000001,43.400002,.64,No,31.700001
2016,Nebraska,18,62129,3.0999999,46.299999,.64,No,31.4
2015,Nebraska,18,64097,3,46.599998,.64,No,30.200001
2014,Nebraska,18,60380,3.3,47.299999,.64,No,29.5
2013,Nebraska,No Provision,62216,3.8,51.200001,.64,No,29.4
2012,Nebraska,No Provision,57191,4,52.5,.64,No,29
2011,Nebraska,No Provision,62229,4.4000001,53.5,.64,No,27.9
2010,Nebraska,No Provision,60599,4.5999999,55,.64,No,28.6
2009,Nebraska,No Provision,58186,4.5999999,59.799999,.64,No,27.4
2008,Nebraska,No Provision,59308,3.3,63.200001,.64,Yes,27.1
2007,Nebraska,No Provision,59700,3,60.099998,.64,.,27.5
2018,New Hampshire,18,81346,2.5,83.400002,1.78,No,36.799999
2017,New Hampshire,18,77474,2.7,87.300003,1.78,No,36.900002
2016,New Hampshire,18,79799,2.9000001,91.5,1.78,No,36.599998
2015,New Hampshire,18,80208,3.4000001,89.599998,1.78,No,35.700001
2014,New Hampshire,18,77928,4.3000002,90.599998,1.78,No,35
2013,New Hampshire,18,74607,5.0999999,89.599998,1.78,No,34.599998
2012,New Hampshire,18,74310,5.5,93.900002,1.68,.,34.599998
2011,New Hampshire,18,73714,5.4000001,92.900002,1.68,.,33.400002
2010,New Hampshire,18,76907,5.8000002,97.099998,1.78,.,32.799999
2009,New Hampshire,No Provision,75240,6.1999998,116.6,1.78,.,32
2008,New Hampshire,No Provision,77369,3.9000001,113.5,1.33,.,33.299999
2007,New Hampshire,No Provision,82041,3.5,131.60001,1.08,.,32.5
2018,New Jersey,21,74176,4.0999999,25.799999,2.7,No,40.799999
2017,New Jersey,21,72977,4.5999999,27.299999,2.7,No,39.700001
2016,New Jersey,19,71645,5,28.1,2.7,No,38.599998
2015,New Jersey,19,72452,5.8000002,28.299999,2.7,No,37.599998
2014,New Jersey,19,69270,6.8000002,29.299999,2.7,No,37.400002
2013,New Jersey,19,68836,8.1999998,30.6,2.7,No,36.599998
2012,New Jersey,19,73075,9.3000002,31.6,2.7,No,36.200001
2011,New Jersey,19,69751,9.3000002,32.5,2.7,No,35.299999
2010,New Jersey,19,72677,9.5,31.1,2.7,No,35.400002
2009,New Jersey,No Provision,75998,9.1000004,32.599998,2.7,No,34.5
2008,New Jersey,No Provision,76352,5.3000002,34.200001,2.575,No,34.400002
2007,New Jersey,No Provision,73460,4.3000002,34.200001,2.575,.,33.900002
2018,New Mexico,18,48283,4.9000001,23.6,1.66,No,27.700001
2017,New Mexico,18,46713,5.9000001,24,1.66,No,27.1
2016,New Mexico,18,50699,6.5999999,24.6,1.66,No,27.200001
2015,New Mexico,18,47822,6.5,25.799999,1.66,No,26.5
2014,New Mexico,No Provision,49568,6.6999998,24.6,1.66,No,26.4
2013,New Mexico,No Provision,43368,6.9000001,26.4,1.66,No,26.4
2012,New Mexico,No Provision,47580,7.0999999,26.700001,1.66,No,26.1
2011,New Mexico,No Provision,46974,7.5,27.299999,1.66,No,25.6
2010,New Mexico,No Provision,52093,8.1000004,30.299999,1.66,No,25
2009,New Mexico,No Provision,51084,7.5,32.700001,.91,No,25.299999
2008,New Mexico,No Provision,49223,4.5,34,.91,No,24.700001
2007,New Mexico,No Provision,53850,3.8,34.599998,.91,.,24.799999
2018,Nevada,18,61864,4.5999999,31.6,1.8,No,24.9
2017,Nevada,18,59456,5.0999999,36.299999,1.8,No,24.9
2016,Nevada,18,58003,5.6999998,30.9,1.8,No,23.5
2015,Nevada,18,55123,6.8000002,46.400002,1.8,.,23.6
2014,Nevada,No Provision,52954,7.9000001,41.599998,.8,No,23.1
2013,Nevada,No Provision,55979,9.6000004,43.200001,.8,Yes,22.5
2012,Nevada,No Provision,51863,11.2,43.099998,.8,Yes,22.4
2011,Nevada,No Provision,52637,13,45.700001,.8,Yes,22.5
2010,Nevada,No Provision,59094,13.5,48.099998,.8,Yes,21.700001
2009,Nevada,No Provision,60344,11.3,53.5,.8,No,21.799999
2008,Nevada,No Provision,64004,6.6999998,61.900002,.8,No,21.9
2007,Nevada,No Provision,65629,4.5,65.5,.8,.,21.799999
2018,New York,18,67274,4.0999999,12.5,4.35,No,37.200001
2017,New York,18,63043,4.6999998,13.3,4.35,No,36
2016,New York,18,64288,4.9000001,14,4.35,No,35.700001
2015,New York,18,61480,5.3000002,14.6,4.35,No,35
2014,New York,18,57662,6.3000002,15.4,4.35,No,34.5
2013,New York,18,53949,7.6999998,16.6,4.35,No,34.099998
2012,New York,No Provision,52243,8.5,18,4.35,No,33.400002
2011,New York,No Provision,56657,8.3000002,18.299999,4.35,No,32.900002
2010,New York,No Provision,57456,8.6000004,24.1,4.35,No,32.5
2009,New York,No Provision,58915,8.3000002,24.799999,2.75,No,32.400002
2008,New York,No Provision,58996,5.4000001,31.5,2.75,No,31.9
2007,New York,No Provision,59421,4.5999999,32.299999,1.5,.,31.700001
2018,Ohio,18,61633,4.5999999,47.599998,1.6,Yes,29
2017,Ohio,18,62167,5,50.099998,1.6,Yes,28
2016,Ohio,18,56490,5,50.799999,1.6,Yes,27.5
2015,Ohio,18,56494,4.9000001,52.400002,1.6,Yes,26.799999
2014,Ohio,18,52708,5.8000002,53.299999,1.25,Yes,26.6
2013,Ohio,No Provision,54793,7.5,54.599998,1.25,No,26.1
2012,Ohio,No Provision,48622,7.4000001,55.700001,1.25,No,25.200001
2011,Ohio,No Provision,49957,8.8000002,56.799999,1.25,No,24.700001
2010,Ohio,No Provision,52961,10.3,59.299999,1.25,No,24.6
2009,Ohio,No Provision,53826,10.3,61.599998,1.25,No,24.1
2008,Ohio,No Provision,54873,6.4000001,64.699997,1.25,No,24.1
2007,Ohio,No Provision,59609,5.5999999,67.800003,1.25,.,24.1
2018,Oklahoma,18,54434,3.4000001,58.099998,2.03,No,25.6
2017,Oklahoma,18,53147,4.1999998,60.5,1.03,No,25.5
2016,Oklahoma,18,53307,4.8000002,61.200001,1.03,No,25.200001
2015,Oklahoma,18,49897,4.4000001,62.599998,1.03,No,24.6
2014,Oklahoma,18,50113,4.5,64.300003,1.03,No,24.200001
2013,Oklahoma,No Provision,49841,5.3000002,67.199997,1.03,No,23.799999
2012,Oklahoma,No Provision,53040,5.1999998,71.300003,1.03,No,23.799999
2011,Oklahoma,No Provision,54217,5.9000001,71,1.03,No,23.799999
2010,Oklahoma,No Provision,49749,6.8000002,71.199997,1.03,No,22.9
2009,Oklahoma,No Provision,53825,6.4000001,79,1.03,No,22.700001
2008,Oklahoma,No Provision,53910,3.7,86.699997,1.03,No,22.200001
2007,Oklahoma,No Provision,52466,4.0999999,85.800003,1.03,.,22.799999
2018,Oregon,21,69165,4.1999998,37.200001,1.33,Yes,34
2017,Oregon,18,64021,4.0999999,38.299999,1.32,Yes,33.700001
2016,Oregon,18,61879,4.8000002,40,1.32,No,32.700001
2015,Oregon,18,64478,5.5999999,40.5,1.31,No,32.200001
2014,Oregon,No Provision,62509,6.8000002,41.400002,1.31,No,30.799999
2013,Oregon,No Provision,52905,7.9000001,43.299999,1.18,No,30.700001
2012,Oregon,No Provision,56730,8.8000002,44.700001,1.18,No,29.9
2011,Oregon,No Provision,57653,9.5,47,1.18,No,29.299999
2010,Oregon,No Provision,58404,10.6,44.700001,1.18,Yes,28.799999
2009,Oregon,No Provision,57603,11.3,48.400002,1.18,Yes,29.200001
2008,Oregon,No Provision,60476,6.5,50.400002,1.18,Yes,28.1
2007,Oregon,No Provision,60989,5.1999998,55.5,1.18,.,28.299999
2018,Pennsylvania,No Provision,64524,4.3000002,37.799999,2.6,No,31.799999
2017,Pennsylvania,No Provision,62779,4.9000001,40.5,2.6,No,31.4
2016,Pennsylvania,No Provision,63809,5.4000001,48.200001,2.6,No,30.799999
2015,Pennsylvania,No Provision,64006,5.3000002,48.5,1.6,Yes,29.700001
2014,Pennsylvania,No Provision,58579,5.9000001,50.799999,1.6,Yes,29
2013,Pennsylvania,No Provision,59552,7.4000001,52.799999,1.6,Yes,28.700001
2012,Pennsylvania,No Provision,56871,7.8000002,55,1.6,Yes,27.799999
2011,Pennsylvania,No Provision,55845,7.9000001,56.400002,1.6,Yes,27
2010,Pennsylvania,No Provision,55763,8.5,57,1.6,Yes,27.1
2009,Pennsylvania,No Provision,56517,8,59.200001,1.6,Yes,26.4
2008,Pennsylvania,No Provision,60096,5.3000002,61.400002,1.35,Yes,26.299999
2007,Pennsylvania,No Provision,58805,4.4000001,60.799999,1.35,.,25.799999
2018,Rhode Island,18,62266,4.0999999,31.4,4.25,Yes,34.400002
2017,Rhode Island,18,66995,4.4000001,34.200001,4.25,No,33.5
2016,Rhode Island,18,64383,5.1999998,35.200001,3.75,No,34.099998
2015,Rhode Island,18,59038,6,36.799999,3.75,No,32.700001
2014,Rhode Island,No Provision,62252,7.6999998,36.700001,3.5,No,30.4
2013,Rhode Island,No Provision,60812,9.3000002,35.299999,3.5,No,32.400002
2012,Rhode Island,No Provision,61431,10.4,35.799999,3.5,No,31.4
2011,Rhode Island,No Provision,54864,11,36.299999,3.46,No,31.1
2010,Rhode Island,No Provision,59582,11.2,37.099998,3.46,No,30.200001
2009,Rhode Island,No Provision,60578,11,44.700001,3.46,No,30.5
2008,Rhode Island,No Provision,62246,7.8000002,43.599998,2.46,No,30
2007,Rhode Island,No Provision,65814,5.1999998,45.299999,2.46,.,29.799999
2018,South Carolina,18,57444,3.4000001,53.099998,.57,Yes,28.299999
2017,South Carolina,18,55866,4.3000002,55.5,.57,Yes,28
2016,South Carolina,18,56858,5,57.299999,.57,No,27.200001
2015,South Carolina,18,49137,6,56.099998,.57,No,26.799999
2014,South Carolina,18,47702,6.5,58.900002,.57,No,26.299999
2013,South Carolina,18,47035,7.5999999,62,.57,No,26.1
2012,South Carolina,No Provision,48650,9.1999998,61.900002,.57,No,25.1
2011,South Carolina,No Provision,44850,10.6,69.900002,.57,No,24.1
2010,South Carolina,No Provision,48127,11.2,84.5,.57,No,24.5
2009,South Carolina,No Provision,48221,11.2,85,.07,No,24.299999
2008,South Carolina,No Provision,49285,6.8000002,89.099998,.07,No,23.700001
2007,South Carolina,No Provision,53677,5.6999998,91.199997,.07,.,23.5
2018,South Dakota,18,59463,3,40.200001,1.53,No,29.200001
2017,South Dakota,18,58301,3.2,41.599998,1.53,No,28.1
2016,South Dakota,18,60116,3,44.599998,1.53,No,28.9
2015,South Dakota,18,58364,3.0999999,40.700001,1.53,No,27.5
2014,South Dakota,18,56328,3.4000001,42.299999,1.53,No,27.799999
2013,South Dakota,No Provision,57670,3.8,42.700001,1.53,No,26.6
2012,South Dakota,No Provision,54144,4.3000002,42.799999,1.53,No,26.299999
2011,South Dakota,No Provision,52838,4.6999998,43.799999,1.53,No,26.299999
2010,South Dakota,No Provision,52344,5,48.599998,1.53,No,26.299999
2009,South Dakota,No Provision,53764,4.9000001,49.700001,1.53,No,25.1
2008,South Dakota,No Provision,60328,3.0999999,49.5,1.53,No,25.1
2007,South Dakota,No Provision,56354,2.8,58.5,1.53,.,25
2018,Tennessee,18,56060,3.5,56,.62,No,27.5
2017,Tennessee,18,56654,3.8,59.200001,.62,No,27.299999
2016,Tennessee,18,53727,4.6999998,61.599998,.62,No,26.1
2015,Tennessee,18,50165,5.5999999,62.200001,.62,No,25.700001
2014,Tennessee,18,46415,6.5999999,62.599998,.62,No,25.299999
2013,Tennessee,18,46817,7.8000002,66.199997,.62,No,24.799999
2012,Tennessee,18,47110,7.8000002,68.300003,.62,No,24.299999
2011,Tennessee,18,47306,9,71.699997,.62,No,23.6
2010,Tennessee,No Provision,44541,9.6999998,72.599998,.62,No,23.1
2009,Tennessee,No Provision,47535,10.5,77,.62,No,23
2008,Tennessee,No Provision,46417,6.5999999,69.5,.62,No,22.9
2007,Tennessee,No Provision,50013,4.6999998,107.4,.62,.,21.799999
2018,Texas,18,59785,3.9000001,29.1,1.41,No,30.299999
2017,Texas,18,61557,4.3000002,31.9,1.41,No,29.6
2016,Texas,18,60844,4.5999999,32.799999,1.41,No,28.9
2015,Texas,18,59856,4.4000001,33.799999,1.41,No,28.4
2014,Texas,No Provision,57201,5.0999999,33.700001,1.41,No,27.799999
2013,Texas,No Provision,55503,6.3000002,36.200001,1.41,No,27.5
2012,Texas,No Provision,56896,6.6999998,36.700001,1.41,No,26.700001
2011,Texas,No Provision,54879,7.8000002,38.700001,1.41,No,26.4
2010,Texas,No Provision,54554,8.1000004,38.200001,1.41,No,25.9
2009,Texas,No Provision,55699,7.5999999,42.299999,1.41,No,25.5
2008,Texas,No Provision,54353,4.8000002,43.900002,1.41,No,25.299999
2007,Texas,No Provision,55911,4.3000002,49.299999,1.41,.,25.200001
2018,Utah,19,77067,3.0999999,17.1,1.7,No,34.900002
2017,Utah,19,71490,3.3,18.4,1.7,No,34.599998
2016,Utah,19,70613,3.4000001,18.5,1.7,No,32.599998
2015,Utah,19,70227,3.5999999,20,1.7,No,31.799999
2014,Utah,19,67296,3.8,19.5,1.7,No,31.1
2013,Utah,19,65913,4.5999999,21.4,1.7,No,31.299999
2012,Utah,19,63924,5.4000001,23,1.7,No,30.700001
2011,Utah,19,62092,6.6999998,22.299999,1.7,No,29.700001
2010,Utah,19,65443,7.8000002,26.700001,1.7,No,29.299999
2009,Utah,No Provision,68623,7.3000002,27.6,.695,No,28.5
2008,Utah,No Provision,73115,3.5999999,31.299999,.695,No,29.1
2007,Utah,No Provision,64987,2.5999999,32.900002,.695,.,28.700001
2018,Virginia,18,77151,3,55.700001,.3,No,39.299999
2017,Virginia,18,72537,3.7,60.799999,.3,No,38.700001
2016,Virginia,18,69535,4.0999999,63.599998,.3,No,38.099998
2015,Virginia,18,65169,4.5,66.099998,.3,No,37
2014,Virginia,18,70239,5.1999998,67,.3,No,36.700001
2013,Virginia,No Provision,71160,5.6999998,69.400002,.3,No,36.099998
2012,Virginia,No Provision,70818,6.0999999,72.400002,.3,No,35.5
2011,Virginia,No Provision,70062,6.5999999,67.099998,.3,No,35.099998
2010,Virginia,No Provision,69675,7.0999999,68.900002,.3,No,34.200001
2009,Virginia,No Provision,70981,6.6999998,73.400002,.3,No,34
2008,Virginia,No Provision,72469,3.9000001,73.599998,.3,No,33.700001
2007,Virginia,No Provision,71824,3,76.099998,.3,,33.599998
2018,Vermont,18,70066,2.7,32.799999,3.08,No,38.700001
2017,Vermont,18,65234,3,36.299999,3.08,No,38.299999
2016,Vermont,18,63660,3.2,37.400002,3.08,Yes,36.400002
2015,Vermont,18,63058,3.5999999,40.400002,3.08,Yes,36.900002
2014,Vermont,18,64455,3.9000001,40.400002,2.75,Yes,34.900002
2013,Vermont,18,70735,4.4000001,42.099998,2.62,No,35.700001
2012,Vermont,No Provision,60901,5,45.700001,2.62,No,35.799999
2011,Vermont,No Provision,58029,5.5,48.700001,2.62,No,35.400002
2010,Vermont,No Provision,64551,6.0999999,47.700001,2.24,No,33.599998
2009,Vermont,No Provision,61381,6.5999999,48.900002,2.24,No,33.099998
2008,Vermont,No Provision,59283,4.6999998,51.599998,1.99,No,32.099998
2007,Vermont,No Provision,57534,4,54.5,1.79,.,33.599998
2018,Washington,18,79726,4.5,16.1,3.025,No,36.700001
2017,Washington,18,73284,4.6999998,17,3.025,No,35.5
2016,Washington,18,73573,5.3000002,18,3.025,No,35.099998
2015,Washington,18,71271,5.5999999,18.799999,3.025,No,34.200001
2014,Washington,18,62714,6.0999999,18.6,3.025,No,33.099998
2013,Washington,18,69017,7,19.5,3.025,No,32.700001
2012,Washington,No Provision,68139,8.1000004,20.299999,3.025,No,31.700001
2011,Washington,No Provision,63610,9.3000002,21.700001,3.025,No,31.9
2010,Washington,No Provision,64822,10,25.6,3.025,No,31.1
2009,Washington,No Provision,70853,9.1999998,30.1,2.025,No,31
2008,Washington,No Provision,66210,5.4000001,31.9,2.025,No,30.700001
2007,Washington,No Provision,70512,4.6999998,32.400002,2.025,.,30.299999
2018,Wisconsin,18,62629,3,37.200001,2.52,Yes,30
2017,Wisconsin,18,65029,3.3,39,2.52,No,30.4
2016,Wisconsin,18,62593,4,39.700001,2.52,No,29.5
2015,Wisconsin,18,58745,4.5999999,39.5,2.52,No,28.4
2014,Wisconsin,18,61665,5.4000001,39.900002,2.52,No,28.4
2013,Wisconsin,18,55849,6.6999998,39.799999,2.52,No,27.700001
2012,Wisconsin,18,58159,7,41.200001,2.52,No,27.1
2011,Wisconsin,No Provision,58248,7.8000002,42.5,2.52,No,26.5
2010,Wisconsin,No Provision,58114,8.6999998,48.200001,2.52,No,26.299999
2009,Wisconsin,No Provision,60112,8.6000004,55.299999,2.52,No,25.700001
2008,Wisconsin,No Provision,59860,4.9000001,66.699997,1.77,No,25.700001
2007,Wisconsin,No Provision,62253,4.9000001,69.699997,.77,.,25.4
2018,West Virginia,18,50573,5.3000002,75.699997,1.2,No,21.299999
2017,West Virginia,18,48102,5.1999998,82.199997,1.2,No,20.200001
2016,West Virginia,18,46412,6.0999999,95.5,1.2,No,20.799999
2015,West Virginia,18,45389,6.6999998,97.300003,.55,No,19.6
2014,West Virginia,18,41993,6.5999999,97.400002,.55,No,19.200001
2013,West Virginia,No Provision,46502,6.8000002,103.1,.55,No,18.9
2012,West Virginia,No Provision,47721,7.5,105,.55,No,18.6
2011,West Virginia,No Provision,46794,8.1000004,107.9,.55,No,18.5
2010,West Virginia,No Provision,49372,8.6999998,113,.55,No,17.5
2009,West Virginia,No Provision,47504,7.6999998,115.8,.55,No,17.299999
2008,West Virginia,No Provision,44420,4.3000002,112.8,.55,No,17.1
2007,West Virginia,No Provision,51101,4.5999999,110.5,.55,.,17.299999
2018,Wyoming,18,62539,4.0999999,50.400002,.6,No,26.9
2017,Wyoming,18,60987,4.1999998,52.400002,.6,No,27.6
2016,Wyoming,18,60513,5.3000002,54.599998,.6,No,27.1
2015,Wyoming,18,64575,4.3000002,58.599998,.6,No,26.200001
2014,Wyoming,18,59128,4.0999999,56.400002,.6,No,26.6
2013,Wyoming,18,72817,4.6999998,60.799999,.6,No,26.6
2012,Wyoming,No Provision,63016,5.3000002,61.5,.6,No,24.700001
2011,Wyoming,No Provision,60991,5.8000002,70.5,.6,No,24.700001
2010,Wyoming,No Provision,60249,6.4000001,65.699997,.6,No,24.1
2009,Wyoming,No Provision,61559,6.3000002,76.699997,.6,No,23.799999
2008,Wyoming,No Provision,62359,3.0999999,79,.6,No,23.6
2007,Wyoming,No Provision,59178,2.8,83,.6,.,23.4
